"story.number","actual.world","explanation","model"
1,".","A because B",0.00390443206529725
1,">","A because B",0.0440555601083167
1,"<","A because B",0.0579967301028042
1,".","B because A",0.00390443206529723
1,">","B because A",0.0579967301028042
1,"<","B because A",0.0440555601083167
