"story.number","actual.world","explanation","model"
1,".","A because B",0.0039197364098233
1,">","A because B",0.0467679481761508
1,"<","A because B",0.0606695616215684
1,".","B because A",0.00391973640982325
1,">","B because A",0.0606695616215684
1,"<","B because A",0.0467679481761508
