"story.number","actual.world","explanation","model"
1,".","A because B",0.0371961499338861
1,">","A because B",0.0473658185494609
1,"<","A because B",0.0486219414325247
1,".","B because A",0.0371961499338861
1,">","B because A",0.0486219414325247
1,"<","B because A",0.0473658185494609
