"story.number","actual.world","explanation","model"
1,".","A because B",0.0036245136934847
1,">","A because B",0.0433860939675119
1,"<","A because B",0.0563418789015215
1,".","B because A",0.00362451369348467
1,">","B because A",0.0563418789015215
1,"<","B because A",0.0433860939675119
