"story.number","actual.world","explanation","model"
1,".","A because B",0.0428517227685966
1,">","A because B",0.046248674207436
1,"<","A because B",0.0467158325327637
1,".","B because A",0.0428517227685966
1,">","B because A",0.0467158325327637
1,"<","B because A",0.046248674207436
