"story.number","actual.world","explanation","model"
1,".","A because B",0.0248829867960194
1,">","A because B",0.0559474099767595
1,"<","A because B",0.061498805676164
1,".","B because A",0.0248829867960194
1,">","B because A",0.061498805676164
1,"<","B because A",0.0559474099767595
