"story.number","actual.world","explanation","model"
1,".","A because B",0.035857689877253
1,">","A because B",0.0451612449328431
1,"<","A because B",0.0464201119487821
1,".","B because A",0.035857689877253
1,">","B because A",0.0464201119487821
1,"<","B because A",0.0451612449328431
