"story.number","actual.world","explanation","model"
1,".","A because B",0.00363068800341816
1,">","A because B",0.0434570473930134
1,"<","A because B",0.0564327702430545
1,".","B because A",0.00363068800341813
1,">","B because A",0.0564327702430545
1,"<","B because A",0.0434570473930134
