"story.number","actual.world","explanation","model"
1,".","A because B",0.0258076006589231
1,">","A because B",0.0557752621634923
1,"<","A because B",0.0616722331244231
1,".","B because A",0.0258076006589231
1,">","B because A",0.0616722331244231
1,"<","B because A",0.0557752621634923
