"story.number","actual.world","explanation","model"
1,".","A because B",0.00392504594859088
1,">","A because B",0.0468285697554668
1,"<","A because B",0.0607470544184276
1,".","B because A",0.00392504594859088
1,">","B because A",0.0607470544184276
1,"<","B because A",0.0468285697554668
