"story.number","actual.world","explanation","model"
1,".","A because B",0.0264912769555365
1,">","A because B",0.0594411293499408
1,"<","A because B",0.0653152058542039
1,".","B because A",0.0264912769555365
1,">","B because A",0.0653152058542039
1,"<","B because A",0.0594411293499408
