"story.number","actual.world","explanation","model"
1,".","A because B",0.0371963829386984
1,">","A because B",0.0473661121252666
1,"<","A because B",0.0486222423964744
1,".","B because A",0.0371963829386984
1,">","B because A",0.0486222423964744
1,"<","B because A",0.0473661121252666
