"story.number","actual.world","explanation","model"
1,".","A because B",0.0250203435603506
1,">","A because B",0.0562463545107484
1,"<","A because B",0.0618254704530382
1,".","B because A",0.0250203435603506
1,">","B because A",0.0618254704530382
1,"<","B because A",0.0562463545107484
