"story.number","actual.world","explanation","model"
1,".","A because B",0.0447735692354953
1,">","A because B",0.0485187307725531
1,"<","A because B",0.0489848120843016
1,".","B because A",0.0447735692354953
1,">","B because A",0.0489848120843016
1,"<","B because A",0.0485187307725531
