"story.number","actual.world","explanation","model"
1,".","A because B",0.00392981148543015
1,">","A because B",0.0468829741855224
1,"<","A because B",0.0608165973151877
1,".","B because A",0.00392981148543015
1,">","B because A",0.0608165973151877
1,"<","B because A",0.0468829741855224
