"story.number","actual.world","explanation","model"
1,".","A because B",0.0427376805887937
1,">","A because B",0.0463208047059502
1,"<","A because B",0.0467668100436391
1,".","B because A",0.0427376805887937
1,">","B because A",0.0467668100436391
1,"<","B because A",0.0463208047059502
