"story.number","actual.world","explanation","model"
1,".","A because B",0.0447702031001375
1,">","A because B",0.0485150973715563
1,"<","A because B",0.0489811455768546
1,".","B because A",0.0447702031001375
1,">","B because A",0.0489811455768546
1,"<","B because A",0.0485150973715563
