"story.number","actual.world","explanation","model"
1,".","A because B",0.0265115829233815
1,">","A because B",0.0594851486084328
1,"<","A because B",0.0653632728694833
1,".","B because A",0.0265115829233815
1,">","B because A",0.0653632728694833
1,"<","B because A",0.0594851486084328
