"story.number","actual.world","explanation","model"
1,".","A because B",0.0371912833829353
1,">","A because B",0.0473596869006296
1,"<","A because B",0.048615655473177
1,".","B because A",0.0371912833829353
1,">","B because A",0.048615655473177
1,"<","B because A",0.0473596869006296
