"story.number","actual.world","explanation","model"
1,".","A because B",0.0265315436186121
1,">","A because B",0.0595284171592484
1,"<","A because B",0.0654105197130391
1,".","B because A",0.0265315436186121
1,">","B because A",0.0654105197130391
1,"<","B because A",0.0595284171592484
